<?xml version='1.0' encoding='utf-8'?>
<!DOCTYPE hibernate-configuration PUBLIC
    "-//Hibernate/Hibernate Configuration DTD//EN"
    "http://hibernate.sourceforge.net/hibernate-configuration-3.0.dtd">
<hibernate-configuration>
    <session-factory>
        <property name="hibernate.connection.driver_class">org.hsqldb.jdbcDriver</property>
        <property name="hibernate.connection.url">jdbc:hsqldb:file:querydb;SHUTDOWN=true</property>
    	<property name="hibernate.connection.pool_size">0</property>
        <property name="hibernate.username">sa</property>
        <property name="hibernate.password"></property>
        <property name="hibernate.show_sql">false</property>
        <property name="dialect">org.hibernate.dialect.HSQLDialect</property>

        <!-- Mapping files -->
        <mapping resource="com/hibernatebook/queries/Product.hbm.xml"/>
        <mapping resource="com/hibernatebook/queries/Software.hbm.xml"/>
        <mapping resource="com/hibernatebook/queries/Supplier.hbm.xml"/>

    </session-factory>

</hibernate-configuration>