<?xml version='1.0' encoding='utf-8'?>
<!DOCTYPE hibernate-configuration PUBLIC
    "-//Hibernate/Hibernate Configuration DTD//EN"
    "http://hibernate.sourceforge.net/hibernate-configuration-3.0.dtd">
<hibernate-configuration>
    <session-factory>
        <property name="connection.driver_class">org.hsqldb.jdbcDriver</property>
        <property name="connection.url">jdbc:hsqldb:file:annotationsdb;shutdown=true</property>
        <property name="connection.username">sa</property>
        <property name="connection.password"></property>
    	<property name="hibernate.connection.pool_size">0</property>        
        <property name="show_sql">false</property>
        <property name="dialect">org.hibernate.dialect.HSQLDialect</property>

        <!-- Mapping files 
        <mapping class="com.hibernatebook.annotations.Author"/>
        <mapping class="com.hibernatebook.annotations.AuthorAddress"/>
        <mapping class="com.hibernatebook.annotations.Book"/>
        <mapping class="com.hibernatebook.annotations.Address"/>
        <mapping class="com.hibernatebook.annotations.Publisher"/>
        <mapping class="com.hibernatebook.annotations.ComputerBook"/>
-->        

		<!-- Association mapping files -->
		<mapping class="com.hibernatebook.associations.Email"/>
		<mapping class="com.hibernatebook.associations.Message"/>

    </session-factory>
</hibernate-configuration>
