<?xml version='1.0' encoding='utf-8'?>
<!DOCTYPE hibernate-mapping
   PUBLIC "-//Hibernate/Hibernate Mapping DTD//EN"
   "http://hibernate.sourceforge.net/hibernate-mapping-3.0.dtd">

<hibernate-mapping>
   <class name="sample.entity.s4.Email" table="s4_email">

      <id name="id" type="long" column="id">
         <generator class="native"/>
      </id>

      <property name="email" column="name" type="string" unique="true"/>

	  <set name="users" table="link_email_user">
	  	<key column="email_id" foreign-key="fk_user_email"/>
	  	<many-to-many column="user_id" class="sample.entity.s4.User" unique="true" foreign-key="fk_email_user"/>
	  </set>

   </class>
</hibernate-mapping>
