<?xml version='1.0' encoding='utf-8'?>
<!DOCTYPE hibernate-mapping
   PUBLIC "-//Hibernate/Hibernate Mapping DTD//EN"
   "http://hibernate.sourceforge.net/hibernate-mapping-3.0.dtd">

<hibernate-mapping>
   <class name="sample.entity.s4.User" table="s4_user">

      <id name="id" type="long" column="id">
         <generator class="native"/>
      </id>

      <property name="username" column="name" type="string" unique="true"/>
      
      <join table="link_email_user" inverse="true" optional="false">
        <key column="user_id"/>
        <many-to-one name="email" column="email_id" not-null="true"/>
      </join>

   </class>
</hibernate-mapping>
