<?xml version='1.0' encoding='utf-8'?>
<!DOCTYPE hibernate-mapping
   PUBLIC "-//Hibernate/Hibernate Mapping DTD//EN"
   "http://hibernate.sourceforge.net/hibernate-mapping-3.0.dtd">

<hibernate-mapping>
   <class name="com.hibernatebook.spring.Article" table="article">

      <id name="id" type="int" column="id">
         <generator class="native"/>
      </id>

      <property name="headline" column="headline" type="string"/>
      <property name="byline" column="byline" type="string"/>
      <property name="content" column="content" type="string"/>

   </class>
</hibernate-mapping>
