<?xml version="1.0" encoding="UTF-8"?>
<!DOCTYPE hibernate-configuration PUBLIC
		"-//Hibernate/Hibernate Configuration DTD 3.0//EN"
		"http://hibernate.sourceforge.net/hibernate-configuration-3.0.dtd">
<hibernate-configuration>
    <session-factory>
        <property name="hibernate.connection.driver_class">org.hsqldb.jdbcDriver</property>
        <property name="hibernate.connection.url">jdbc:hsqldb:file:/home/hibernate_plugins/workspace/ToolsExample/db/annotationsdb;shutdown=true</property>
        <property name="hibernate.connection.username">sa</property>
        <property name="hibernate.dialect">org.hibernate.dialect.HSQLDialect</property>
        <property name="connection.password"></property>
    	<property name="hibernate.connection.pool_size">0</property>        
        <property name="show_sql">false</property>
        
		<mapping class="com.hibernatebook.tools.Note"/>
		<mapping class="com.hibernatebook.tools.Notepad"/>
		<mapping resource="com/hibernatebook/tools/Privat.hbm.xml"/>
		<mapping resource="com/foo/Office.hbm.xml"/>
		<mapping resource="com/foo/PurchaseOrder.hbm.xml"/>
    </session-factory>
</hibernate-configuration>
