<?xml version="1.0" encoding="utf-8"?>
<!DOCTYPE hibernate-configuration
  PUBLIC "-//Hibernate/Hibernate Configuration DTD//EN"
  "http://hibernate.sourceforge.net/hibernate-configuration-3.0.dtd">

<hibernate-configuration>
  <session-factory>
    <property name="hibernate.connection.url">jdbc:hsqldb:file:testdb;shutdown=true</property>
    <property name="hibernate.connection.driver_class">org.hsqldb.jdbcDriver</property>
    <property name="hibernate.connection.username">sa</property>
    <property name="hibernate.connection.password"></property>
    <property name="hibernate.connection.pool_size">0</property>
    <property name="hibernate.dialect">org.hibernate.dialect.HSQLDialect</property>
    
    <!-- You will usually want to set this to true while debugging Hibernate queries -->
    <property name="hibernate.show_sql">true</property>

    <!-- "Import" the mapping resources here -->
	<mapping resource="sample/entity/lazy/User.hbm.xml"/>
	<mapping resource="sample/entity/lazy/Email.hbm.xml"/>
	
  </session-factory>
</hibernate-configuration> 
