<?xml version="1.0" encoding="UTF-8"?>
<!DOCTYPE hibernate-configuration PUBLIC
		"-//Hibernate/Hibernate Configuration DTD 3.0//EN"
		"http://hibernate.sourceforge.net/hibernate-configuration-3.0.dtd">
<hibernate-configuration>
    <session-factory>
        <property name="hibernate.connection.driver_class">org.hsqldb.jdbcDriver</property>
        <property name="hibernate.connection.url">jdbc:hsqldb:file:exampledb;SHUTDOWN=true</property>
        <property name="hibernate.connection.username">sa</property>
        <property name="hibernate.dialect">org.hibernate.dialect.HSQLDialect</property>
    </session-factory>
</hibernate-configuration>
